TitleName,Publisher
 FSX: Steam Edition - Monster Mission Edition,Xbox
Aeolus,Xbox
Age of Empires 25th Anniversary Collection (retail),Xbox
Age of Empires Anthology (retail),Xbox
Age of Empires Definitive Collection (retail),Xbox
Age of Empires I &amp; II: Definitive Edition Bundle (retail),Xbox
Age of Empires II (2013),Xbox
Age of Empires II (2013) + The Forgotten + The African Kingdoms + The Rise of the Rajas (retail),Xbox
Age of Empires II (2013): Rise of the Rajas,Xbox
Age of Empires II (2013): The African Kingdoms,Xbox
Age of Empires II (2013): The Forgotten,Xbox
Age of Empires II + DLC - Beta Testing (retail),Xbox
Age of Empires II HD + The Forgotten Expansion,Xbox
Age of Empires II HD + The Forgotten Expansion + The African Kingdoms Expansion,Xbox
Age of Empires II: Definitive Edition,Xbox
Age of Empires II: Definitive Edition - Dawn of the Dukes,Xbox
Age of Empires II: Definitive Edition - Dynasties of India,Xbox
Age of Empires II: Definitive Edition - Lords of the West,Xbox
Age of Empires II: Definitive Edition - Return of Rome,Xbox
Age of Empires II: Definitive Edition Collection (retail),Xbox
Age of Empires II: Definitive Edition Soundtrack,Xbox
Age of Empires III + Age of Empires II Bundle,Xbox
Age of Empires III:  DE The African Royals,Xbox
Age of Empires III: DE - The African Royals - PREVIEW,Xbox
Age of Empires III: Definitive Edition,Xbox
Age of Empires III: Definitive Edition - Knights of the Mediterranean,Xbox
Age of Empires III: Definitive Edition - Mexico Civilization,Xbox
Age of Empires III: Definitive Edition - United States Civilization,Xbox
Age of Empires III: Definitive Edition (Base Game),Xbox
Age of Empires III: Definitive Edition – Hero Cosmetic Pack – Kunoichi,Xbox
Age of Empires III: Definitive Edition – Hero Cosmetic Pack – Lizzie,Xbox
Age of Empires III: Definitive Edition – Hero Cosmetic Pack – Vol. 1,Xbox
Age of Empires III: Definitive Edition Beta,Xbox
Age of Empires III: Definitive Edition Soundtrack,Xbox
Age of Empires IV,Xbox
Age of Empires IV (Pre-Order),Xbox
Age of Empires IV Content Editor (Beta),Xbox
Age of Empires IV Ranked Seasons Closed Preview,Xbox
Age of Empires IV Ranked Seasons Closed Preview (retail),Xbox
Age of Empires IV: Digital Deluxe Edition,Xbox
Age of Empires IV: Digital Deluxe Edition (Pre-order),Xbox
Age of Empires IV: Digital Deluxe Upgrade Pack,Xbox
Age of Empires Legacy Bundle,Xbox
Age of Empires Legacy Bundle Including The Forgotten,Xbox
Age of Empires Online - Empire Booster Bundle DLC Unlock,Xbox
Age of Empires Online - Summer Exclusive DLC,Xbox
Age of Empires Online Celebration Grab Bag (retail),Xbox
Age of Empires Online DLC: Celebration Grab Bag,Xbox
Age of Empires Online DLC: Premium Egyptian Civilization Pack  ,Xbox
Age of Empires Online DLC: Premium Greek Civilization Pack,Xbox
Age of Empires Online DLC: Pro Persian Civilization,Xbox
Age of Empires Online DLC: Steam Starter Pack,Xbox
Age of Empires Online DLC: Tantalizing Topiary: Empire Extras,Xbox
Age of Empires Online Empires Online Domination DLC,Xbox
Age of Empires Online Extras: Bountiful Bushes,Xbox
Age of Empires Online Extras: Glorious Gardening,Xbox
Age of Empires Online Extras: Ornate Ornaments,Xbox
Age of Empires Online Extras: Startling Statuary,Xbox
Age of Empires Online Pro Civilization Command Pack DLC,Xbox
Age of Empires Online Steam Starter Pack (retail),Xbox
Age of Empires Online: Defense of Crete Booster Pack,Xbox
Age of Empires Online: Premium Celtic Civilization Pack DLC,Xbox
Age of Empires Online: Skirmish Booster Pack DLC,Xbox
Age of Empires: All in Wonder,Xbox
Age of Empires: Celtic Defense,Xbox
Age of Empires: Definitive Edition,Xbox
Age of Empires: Definitive Edition Soundtrack,Xbox
Age of Empires® III (2007),Xbox
Age of Mythology EX plus Tale of the Dragon,Xbox
Age of Mythology EX: Tale of the Dragon,Xbox
Age of Mythology: Extended Edition,Xbox
Age of Mythology: Retold,Xbox
An Elder Scrolls Legend: Battlespire,Bethesda
Ara: History Untold Technical Alpha,Xbox
Arx Fatalis,Bethesda
As Dusk Falls,Xbox
As Dusk Falls Soundtrack,Xbox
Badger Developer Comp (retail),Xbox
BAFTA 2015 (retail),Xbox
BAFTA 2017 (retail),Xbox
BAFTA 2018 (retail),Xbox
Battletoads,Xbox
Blackreef for Beta Testing (retail),Bethesda
Bleeding Edge,Xbox
Bleeding Edge - The Punk Pack,Xbox
Bleeding Edge Alpha,Xbox
Bleeding Edge Beta,Xbox
Bleeding Edge Pre-Purchase,Xbox
Boston Demo,Xbox
Boston_Pack3,Xbox
Boston_Pack4,Xbox
BRINK,Bethesda
Brink Agents of Change DLC,Bethesda
Brink Complete Pack (retail),Bethesda
Brink DLC: Doom/Psycho Combo Pack,Bethesda
Brink DLC: Fallout/SpecOps Combo Pack,Bethesda
BRINK Doom Pack DLC,Bethesda
BRINK Spec Ops DLC,Bethesda
Brink: Doom/Psycho Combo Pack (retail),Bethesda
Brink: Fallout/SpecOps Combo Pack (retail),Bethesda
Call of Cthulhu: Dark Corners of the Earth,Bethesda
Cardinal Retail for Beta Testing (retail),Xbox
Caterpillar Effect,Xbox
CC Gift,Xbox
Choplifter HD,Xbox
Choplifter HD - Albatross Chopper,Xbox
Choplifter HD - Arrowhead Chopper,Xbox
Choplifter HD - DLC Comp (retail),Xbox
Choplifter HD - Night Avenger Chopper,Xbox
Choplifter HD - Ostrich Chopper,Xbox
Choplifter HD + Zombie Zombie Zombie Retail (retail),Xbox
Chucky Premium Special - TEST (retail),Xbox
Chucky Special - TEST (retail),Xbox
Commander Keen Complete Pack,Bethesda
Cosmonaut Shotgun Pack,Bethesda
Dartmouth Developer Comp (retail),Xbox
Dartmouth for Beta Testing (retail),Xbox
Deadlight,Xbox
Deadlight Game + Soundtrack Bundle,Xbox
Deadlight Original Soundtrack,Xbox
Deadlight Retail (retail),Xbox
DEATHLOOP,Bethesda
DEATHLOOP - Deluxe,Bethesda
DEATHLOOP - Deluxe Edition,Bethesda
DEATHLOOP - PreOrder,Bethesda
DEATHLOOP Deluxe Pack,Bethesda
DEATHLOOP Deluxe Retail (RU/CIS) (retail),Bethesda
DEATHLOOP Original Game Soundtrack,Bethesda
Debug - not for retail ever,Xbox
DEXED,Xbox
Dishonored,Bethesda
Dishonored - Void Walkers Arsenal (retail),Bethesda
Dishonored - Void Walkers Arsenal DLC,Bethesda
Dishonored - Void Walkers Arsenal DLC (RHCP),Bethesda
Dishonored - Void Walkers Arsenal DLC (RHCP) (retail),Bethesda
Dishonored 2,Bethesda
Dishonored 2 Assassins Pack  ( PreOrder ),Bethesda
Dishonored 2 Assassins Pack/DDE Bundle Retail (retail),Bethesda
Dishonored 2 Assassins Pack/DDE Bundle Retail RHCP RU (retail),Bethesda
Dishonored GOTY,Bethesda
Dishonored RHCP,Bethesda
Dishonored RHCP (EU) GOTY,Bethesda
Dishonored RHCP DLC Dunwall City Trials,Bethesda
Dishonored RHCP GOTY,Bethesda
Dishonored RHCP Knife of Dunwall,Bethesda
Dishonored RHCP: Backstreet Butcher Pack,Bethesda
Dishonored Soundtrack,Bethesda
Dishonored: Complete Collection,Bethesda
Dishonored: Complete Collection RHCP (RU/CIS) (retail),Bethesda
Dishonored: Death of the Outsider - Deluxe Bundle,Bethesda
Dishonored: Death of the Outsider - Deluxe Bundle (RU/CIS) (retail),Bethesda
Dishonored: Dunwall City Trials DLC,Bethesda
Dishonored: The Brigmore Witches,Bethesda
Dishonored: The Brigmore Witches RHCP,Bethesda
Dishonored: The Knife of Dunwall,Bethesda
Dishonored: Void Walkers Arsenal,Bethesda
Dishonored®: Death of the Outsider™,Bethesda
Disneyland Adventures,Xbox
DNU - Microsoft Flight Summer Sale Bundle,Xbox
DOOM,Bethesda
DOOM - Demon Multiplayer DLC Pack,Bethesda
DOOM (1993),Bethesda
Doom 2 (retail),Bethesda
DOOM 3,Bethesda
Doom 3 (retail),Bethesda
DOOM 3: Bethesda.net Edition,Bethesda
DOOM 3: BFG Edition (ROW) (retail),Bethesda
DOOM 3: BFG Edition Retail WW (retail),Bethesda
DOOM 64,Bethesda
Doom Classic Complete 2012 (retail),Bethesda
DOOM Eternal - Pre Order Bonuses,Bethesda
DOOM Eternal - The Ancient Gods - Part One,Bethesda
DOOM Eternal - The Ancient Gods - Part One Thirdparty Retail (retail),Bethesda
DOOM Eternal (Pre-Purchase) Thirdparty Retail (retail),Bethesda
DOOM Eternal (Pre-Purchase) Thirdparty Retail (ZEL (Europe)) (retail),Bethesda
DOOM Eternal (Regional Post-Launch) (retail),Bethesda
DOOM Eternal Deluxe Edition (Post-Launch),Bethesda
DOOM Eternal Deluxe Edition (Post-Launch) Thirdparty Retail (retail),Bethesda
DOOM Eternal Deluxe Edition (Press) (retail),Bethesda
DOOM Eternal Deluxe Edition (Regional Post-Launch) (retail),Bethesda
DOOM Eternal Standard Edition,Bethesda
DOOM Eternal Standard Edition - Thirdparty Retail (ASI (ASIA)) (retail),Bethesda
DOOM Eternal Standard Edition - Thirdparty Retail (ZEL (Europe)) (retail),Bethesda
DOOM Eternal Standard Edition Thirdparty Retail (retail),Bethesda
DOOM Eternal Year One Pass,Bethesda
DOOM Eternal Year One Pass Thirdparty Retail (retail),Bethesda
DOOM Eternal: Cosplay Slayer Master Collection Cosmetic Pack,Bethesda
DOOM Eternal: Series Five Cosmetic Pack,Bethesda
DOOM Eternal: Series Four Cosmetic Pack,Bethesda
DOOM Eternal: Series One Cosmetic Pack,Bethesda
DOOM Eternal: Series Seven Cosmetic Pack,Bethesda
DOOM Eternal: Series Six Cosmetic Pack,Bethesda
DOOM Eternal: Series Three Cosmetic Pack,Bethesda
DOOM Eternal: Series Two Cosmetic Pack,Bethesda
DOOM Eternal: The Ancient Gods - Part Two,Bethesda
DOOM Eternal: The Ancient Gods - Part Two (DOOM Eternal: The Ancient Gods - Part Two Thirdparty Retail) (retail),Bethesda
DOOM II,Bethesda
DOOM II: Bethesda.net Edition,Bethesda
DOOM Season Pass,Bethesda
DOOM Soundtrack,Bethesda
DOOM VFR,Bethesda
DOOMicorn Master Collection Cosmetic Pack,Bethesda
Double Fine Bundle (fall 2012),Xbox
Dovetail Games Everything (Comp Prize) (retail),Xbox
Dovetail Games Franchise Collection,Xbox
Dovetail Games Franchise Collection 2,Xbox
Dovetail Games Franchise Collection 3,Xbox
Dovetail Games Franchise Collection 3 (retail),Xbox
Dovetail Games Ultimate Franchise Collection (retail),Xbox
Dust: An Elysian Tail,Xbox
Eagle Developer Comp (retail),Bethesda
Elder Scrolls Retail (retail),Bethesda
Elder Scrolls V: Skyrim (AU) (retail),Bethesda
Elder Scrolls V: Skyrim (DE) (retail),Bethesda
Elder Scrolls V: Skyrim (EU) (retail),Bethesda
Elder Scrolls V: Skyrim (NA) (retail),Bethesda
Elder Scrolls V: Skyrim (PL) (retail),Bethesda
Elder Scrolls V: Skyrim (RU) (retail),Bethesda
Elder Scrolls V: Skyrim (UK) (retail),Bethesda
Elder Scrolls V: Skyrim Legendary Retail (EasternEU) (retail),Bethesda
Elder Scrolls V: Skyrim Legendary Retail (JPN) (retail),Bethesda
Elder Scrolls V: Skyrim Legendary Retail (retail),Bethesda
Elder Scrolls V: Skyrim Legendary Retail (RU) (retail),Bethesda
Enhanced Graphics Pack,Xbox
Fable - The Lost Chapters,Xbox
Fable Anniversary,Xbox
Fable Anniversary - Heroes and Villains Content Pack,Xbox
Fable Anniversary - Scythe Content Pack,Xbox
Fable Franchise,Xbox
Fable Franchise(DE),Xbox
Fable III,Xbox
Fable III - Dog Breed Set,Xbox
Fable III - Dog Outfit,Xbox
Fable III - Industrial Knight Outfit,Xbox
Fable III - Traitor's keep Quest Pack,Xbox
Fable III - Understone Quest Pack,Xbox
Fable III Collection,Xbox
Fallout,Bethesda
Fallout 1st (Steam),Bethesda
Fallout 2,Bethesda
Fallout 3,Bethesda
Fallout 3 - Broken Steel,Bethesda
Fallout 3 - Game of the Year Edition,Bethesda
Fallout 3 - Mothership Zeta,Bethesda
Fallout 3 - Operation: Anchorage,Bethesda
Fallout 3 - Point Lookout,Bethesda
Fallout 3 - Soundtrack,Bethesda
Fallout 3 - The Pitt,Bethesda
Fallout 3 and New Vegas Bundle (ROW) (retail),Bethesda
Fallout 4,Bethesda
Fallout 4 - Automatron,Bethesda
Fallout 4 - Contraptions Workshop,Bethesda
Fallout 4 - Creation Club,Bethesda
Fallout 4 - DLC1 and DLC2 Bundle (retail),Bethesda
Fallout 4 - Far Harbor,Bethesda
Fallout 4 - Nuka-World,Bethesda
Fallout 4 - Vault-Tec Workshop,Bethesda
Fallout 4 - Wasteland Workshop,Bethesda
Fallout 4 Season Pass,Bethesda
Fallout 4 Season Pass RU (retail),Bethesda
Fallout 4 VR,Bethesda
Fallout 4: Game of the Year Edition,Bethesda
Fallout 76,Bethesda
Fallout 76 - Atoms,Bethesda
Fallout 76 - Thirdparty Retail (ASI (ASIA)) (retail),Bethesda
Fallout 76 - Thirdparty Retail (RUS (Russia)) (retail),Bethesda
Fallout 76 - Thirdparty Retail (ZEL (Europe)) (retail),Bethesda
Fallout 76 (Regional) (retail),Bethesda
Fallout 76 Tricentennial Pack,Bethesda
Fallout 76: Appalachia Starter Bundle,Bethesda
Fallout 76: Brotherhood Recruitment Bundle,Bethesda
Fallout 76: Steel Dawn Deluxe,Bethesda
Fallout 76: Steel Dawn Deluxe (RU/CIS) (retail),Bethesda
Fallout 76: The Pitt Deluxe,Bethesda
Fallout 76: The Pitt Deluxe (Region 2 (Middle)) (retail),Bethesda
Fallout 76: The Pitt Deluxe (Region 3 (Low)) (retail),Bethesda
Fallout 76: The Pitt Expedition Bundle,Bethesda
Fallout 76: Wastelanders Deluxe Edition,Bethesda
Fallout 76: Wastelanders Deluxe Edition (Regional) (retail),Bethesda
Fallout Anthology 2019 (retail),Bethesda
Fallout Classic Collection,Bethesda
Fallout Classic Collection 2014 (retail),Bethesda
Fallout Collection (DE) (retail),Bethesda
Fallout Collection (retail),Bethesda
Fallout New Vegas C Lonesome Road PCR,Bethesda
Fallout New Vegas ClassicPack,Bethesda
Fallout New Vegas Honest Hearts PCR,Bethesda
Fallout New Vegas Old World Blues,Bethesda
Fallout New Vegas Old World Blues PCR,Bethesda
Fallout New Vegas Retail (retail),Bethesda
Fallout New Vegas Retail(DE) (retail),Bethesda
Fallout New Vegas Ultimate PCR,Bethesda
Fallout New Vegas Ultimate ROW,Bethesda
Fallout new Vegas Ultimate RUPLCZ comp (retail),Bethesda
Fallout New Vegas: Courier's Stash (C),Bethesda
Fallout New Vegas: Courier's Stash (retail),Bethesda
Fallout New Vegas: Courier's Stash ROW,Bethesda
Fallout New Vegas: Dead Money,Bethesda
Fallout New Vegas: Dead Money DLC (RU),Bethesda
Fallout New Vegas: Gun Runners' Arsenal,Bethesda
Fallout New Vegas: Gun Runner's Arsenal (RUCIS),Bethesda
Fallout New Vegas: Honest Hearts,Bethesda
Fallout New Vegas: Lonesome Road DLC,Bethesda
Fallout New Vegas: Ultimate Edition (Digital WW Retail) (retail),Bethesda
Fallout New Vegas: Ultimate Edition (retail),Bethesda
Fallout New Vegas: Ultimate Edition (RU/CIS) (retail),Bethesda
Fallout New Vegas: Ultimate Edition (RUCIS) (DO NOT USE) (retail),Bethesda
Fallout Shelter,Bethesda
Fallout Shelter - Lunchbox,Bethesda
Fallout Tactics,Bethesda
Fallout: New Vegas,Bethesda
Fallout: New Vegas - Soundtrack,Bethesda
Fallout: New Vegas (DE),Bethesda
Fallout: New Vegas PCR,Bethesda
Final DOOM,Bethesda
Flight Sim World + Microsoft FSX : Steam Edition Twin Pack (retail),Xbox
Forza Horizon 4 Deluxe Edition,Xbox
Forza Horizon 4 Japanese Heroes Car Pack,Xbox
Forza Horizon 4 Open Top Car Pack,Xbox
Forza Horizon 4 Standard Edition,Xbox
Forza Horizon 4 Ultimate Edition,Xbox
Forza Horizon 4:  1977 Hoonigan Ford Gymkhana 10 F-150,Xbox
Forza Horizon 4: 1929 Mercedes-Benz SSK,Xbox
Forza Horizon 4: 1938 MG TA Midget,Xbox
Forza Horizon 4: 1953 Jaguar C-Type,Xbox
Forza Horizon 4: 1959 Cadillac Eldorado Biarritz Convertible,Xbox
Forza Horizon 4: 1959 Porsche 356A Coupe,Xbox
Forza Horizon 4: 1962 Triumph TR3B,Xbox
Forza Horizon 4: 1963 Opel Kadett A,Xbox
Forza Horizon 4: 1965 Peel Trident,Xbox
Forza Horizon 4: 1966 Hillman Imp,Xbox
Forza Horizon 4: 1966 Volkswagen Double Cab Pick-Up,Xbox
Forza Horizon 4: 1968 Ford Mustang GT 2+2 Fastback,Xbox
Forza Horizon 4: 1970 Triumph TR6 PI,Xbox
Forza Horizon 4: 1972 Lamborghini Jarama S,Xbox
Forza Horizon 4: 1974 Honda CivicRS,Xbox
Forza Horizon 4: 1985 Porsche #186 959 Paris-Dakar,Xbox
Forza Horizon 4: 1993 Hoonigan Ford Escort Cosworth Group A,Xbox
Forza Horizon 4: 1993 Porsche 968 Turbo S,Xbox
Forza Horizon 4: 2002 Mazda RX-7 Spirit R Type-A,Xbox
Forza Horizon 4: 2003 Honda S2000,Xbox
Forza Horizon 4: 2004 Vauxhall VX220,Xbox
Forza Horizon 4: 2005 Ferrari FXX,Xbox
Forza Horizon 4: 2005 Honda NSX-R GT,Xbox
Forza Horizon 4: 2010 Vauxhall Insignia VXR,Xbox
Forza Horizon 4: 2014 McLaren 650 Super Sport Spyder,Xbox
Forza Horizon 4: 2016 Honda Civic Coupe GRC,Xbox
Forza Horizon 4: 2017 Ferrari GTC4Lusso,Xbox
Forza Horizon 4: 2017 Koenigsegg Agera RS,Xbox
Forza Horizon 4: 2018 Alfa Romeo Stelvio Quadrifoglio,Xbox
Forza Horizon 4: 2018 Aston Martin Vantage,Xbox
Forza Horizon 4: 2018 Can-Am Maverick X3 X RS Turbo R,Xbox
Forza Horizon 4: 2018 Chevrolet Camaro ZL1 1LE,Xbox
Forza Horizon 4: 2018 Chevrolet Deberti Design DriftTruck,Xbox
Forza Horizon 4: 2018 Ford Deberti Design Mustang Fastback,Xbox
Forza Horizon 4: 2018 Morgan Aero GT,Xbox
Forza Horizon 4: 2018 Nissan SentraNismo,Xbox
Forza Horizon 4: 2018 TVR Griffith,Xbox
Forza Horizon 4: 2019 BMW i8 Roadster,Xbox
Forza Horizon 4: 2019 Chevrolet Corvette ZR1,Xbox
Forza Horizon 4: 2019 Porsche 911 Carrera S,Xbox
Forza Horizon 4: Any Terrain Car Pack,Xbox
Forza Horizon 4: Barrett-Jackson Car Pack,Xbox
Forza Horizon 4: Best of Bond Car Pack,Xbox
Forza Horizon 4: British Sports Car Car Pack,Xbox
Forza Horizon 4: Car Pass,Xbox
Forza Horizon 4: Ford Transit,Xbox
Forza Horizon 4: Formula Drift Car Pack,Xbox
Forza Horizon 4: Fortune Island,Xbox
Forza Horizon 4: Hot Wheels™ Legends Car Pack,Xbox
Forza Horizon 4: Icons Car Pack,Xbox
Forza Horizon 4: Lamborghini Gallardo LP570-4 Spyder Performante,Xbox
Forza Horizon 4: LEGO® Speed Champions,Xbox
Forza Horizon 4: Mitsubishi Car Pack,Xbox
Forza Horizon 4: Performance Car Pack,Xbox
Forza Horizon 4: Treasure Map,Xbox
Forza Horizon 4: VIP,Xbox
Forza Horizon 4: Welcome Pack,Xbox
Forza Horizon 5,Xbox
Forza Horizon 5 - Deluxe Edition,Xbox
Forza Horizon 5 - Premium Edition,Xbox
Forza Horizon 5 - Premium Edition Press Key (comp),Xbox
Forza Horizon 5 1966 Jaguar XJ13,Xbox
Forza Horizon 5 1966 Toronado,Xbox
Forza Horizon 5 1967 Renault 8 Gordini,Xbox
Forza Horizon 5 1970 Mercury Cyclone Spoiler,Xbox
Forza Horizon 5 1979 Lamborghini Espada 400 GT,Xbox
Forza Horizon 5 1982 VW Pickup,Xbox
Forza Horizon 5 1986 Ford Mustang SVO,Xbox
Forza Horizon 5 1992 Mazda 323 GT-R,Xbox
Forza Horizon 5 1993 Jaguar XJ220S,Xbox
Forza Horizon 5 2003 Ford Lightning,Xbox
Forza Horizon 5 2005 MG SV-R,Xbox
Forza Horizon 5 2006 Noble M400,Xbox
Forza Horizon 5 2008 Dodge Magnum,Xbox
Forza Horizon 5 2010 Porsche 911 SC,Xbox
Forza Horizon 5 2014 SafariZ 370Z,Xbox
Forza Horizon 5 2017 #25 Ferrari 488,Xbox
Forza Horizon 5 2017 Ferrari J50,Xbox
Forza Horizon 5 2018 Audi RS 5,Xbox
Forza Horizon 5 2018 Audi TT RS,Xbox
Forza Horizon 5 2019 Ferrari Monza SP2,Xbox
Forza Horizon 5 2019 Nissan 370Z Nismo,Xbox
Forza Horizon 5 2019 Porsche 911 Speedster,Xbox
Forza Horizon 5 2019 SUBARU STI S209,Xbox
Forza Horizon 5 2019 Toyota Tacoma,Xbox
Forza Horizon 5 2020 Audi RS 3,Xbox
Forza Horizon 5 2020 BMW M8 Comp,Xbox
Forza Horizon 5 2020 Lamborghini Huracán EVO,Xbox
Forza Horizon 5 2020 Lexus RC F,Xbox
Forza Horizon 5 2020 Toyota Tundra TRD,Xbox
Forza Horizon 5 2021 Aston Martin DBX,Xbox
Forza Horizon 5 2021 McLaren 620R,Xbox
Forza Horizon 5 2021 MINI JCW GP,Xbox
Forza Horizon 5 2021 VW Golf R,Xbox
Forza Horizon 5 Car Pass,Xbox
Forza Horizon 5 D DLC,Xbox
Forza Horizon 5 Expansion 2,Xbox
Forza Horizon 5 Expansions Bundle,Xbox
Forza Horizon 5 Ferrari 2018 FXX-K Evo,Xbox
Forza Horizon 5 Formula Drift Pack,Xbox
Forza Horizon 5 Italian Exotics Car Pack,Xbox
Forza Horizon 5 Oreo Zonda,Xbox
Forza Horizon 5 Premium Add-Ons Bundle (retail),Xbox
Forza Horizon 5 Rally Adventure,Xbox
Forza Horizon 5 Treasure Map,Xbox
Forza Horizon 5 VIP Membership,Xbox
Forza Horizon 5 Welcome Pack,Xbox
Forza Horizon 5: Hot Wheels,Xbox
Forza Motorsport,Xbox
Forza Motorsport Deluxe Edition,Xbox
Forza Motorsport Deluxe Edition - Pre Release Testing (retail),Xbox
Forza Motorsport Premium Edition,Xbox
Forza Motorsport Premium Edition - Pre Release Testing (retail),Xbox
Frostpoint VR,Xbox
Frostpoint VR: Server,Xbox
FSX Core Game Developer Comp (retail),Xbox
FSX Steam Edition + REX4 Texture Direct Twin Pack,Xbox
FSX: Steam Edition - Mega Mission Edition,Xbox
FSX: Steam Edition + Around The World In 80 Flights Add-On Twin Pack,Xbox
FSX: Steam Edition + Cargo Crew + Dangerous Approaches Collection,Xbox
FSX: Steam Edition + Cargo Crew Twin Pack,Xbox
FSX: Steam Edition + Piper Aztec Twin Pack,Xbox
FSX: Steam Edition + Skychaser + Piper Aztec Triple Pack,Xbox
FSX: Steam Edition + Skychaser Add-On Twin Pack,Xbox
G$Fuh2k9BTe4,Bethesda
GAME 3 Dedicated Server,Xbox
Gears 5,Xbox
Gears 5 - Hivebusters,Xbox
Gears 5 for Beta Testing (retail),Xbox
Gears 5 Game of the Year Edition,Xbox
Gears 5 GOTY for Beta Testing (retail),Xbox
Gears 5 Ultimate Edition,Xbox
Gears 5 Ultimate Edition Unlock (retail),Xbox
Gears Tactics,Xbox
Gears Tactics Pre-Purchase,Xbox
Ghostwire: Tokyo,Bethesda
Ghostwire: Tokyo - Deluxe Upgrade,Bethesda
GhostWire: Tokyo - Preorder Outfits Pack,Bethesda
Ghostwire: Tokyo Deluxe,Bethesda
Ghostwire: Tokyo Deluxe (Post-Launch) (Region 2 (Middle)) (retail),Bethesda
Ghostwire: Tokyo Deluxe (Post-Launch) (Region 3 (Low)) (retail),Bethesda
Ghostwire: Tokyo Deluxe (Post-Launch) (WW) (retail),Bethesda
Ghostwire: Tokyo Deluxe (Pre-purchase) (WW) (Early Access Press) (comp),Bethesda
Ghostwire: Tokyo Deluxe (Pre-purchase) (WW) (retail),Bethesda
Ghostwire: Tokyo Original Game Soundtrack,Bethesda
Glenwood,Xbox
Grounded,Xbox
Grounded (Original Soundtrack),Xbox
Halo 2 Anniversary MP Mod Tools - MCC,Xbox
Halo 2 Mod Tools - MCC,Xbox
Halo 2: Anniversary,Xbox
Halo 3,Xbox
Halo 3 Mod Tools - MCC,Xbox
Halo 3: ODST,Xbox
Halo 3: ODST Mod Tools - MCC,Xbox
Halo 4,Xbox
Halo 4 Mod Tools - MCC,Xbox
Halo Infinite - Insider,Xbox
Halo Infinite (Campaign),Xbox
Halo MCC Mod Uploader,Xbox
Halo Wars: Definitive Edition,Xbox
Halo: CE Mod Tools - MCC,Xbox
Halo: Combat Evolved Anniversary,Xbox
Halo: Reach,Xbox
Halo: Reach Mod Tools - MCC,Xbox
Halo: Spartan Assault,Xbox
Halo: Spartan Bundle,Xbox
Halo: Spartan Strike,Xbox
Halo: The Master Chief Collection,Xbox
Halo: The Master Chief Collection - INSIDER,Xbox
Halo: The Master Chief Collection Developer Comp (retail),Xbox
Halo: The Master Chief Collection for Beta Testing (retail),Xbox
Happy Wars - Customizable Parts A,Xbox
Happy Wars - Customizable Parts B,Xbox
Happy Wars - Evil Warrior Set,Xbox
Happy Wars - Fast Food Cleric Set,Xbox
Happy Wars - Forest Mage Set,Xbox
Happy Wars - Happy Tickets - Extreme Pack A,Xbox
Happy Wars - Happy Tickets - Extreme Pack B,Xbox
Happy Wars - Happy Tickets - Starter Pack,Xbox
Happy Wars - Happy Tickets - Value Pack A,Xbox
Happy Wars - Happy Tickets - Value Pack B,Xbox
Hellblade Developer Comp (retail),Xbox
Hellblade for Beta Testing (retail),Xbox
Hellblade: Senua's Sacrifice,Xbox
Hellblade: Senua's Sacrifice Launch,Xbox
Hellblade: Senua's Sacrifice Original Soundtrack,Xbox
Hellblade: Senua's Sacrifice VR Edition,Xbox
Heretic/Hexen Pack,Bethesda
Heretic: Shadow of the Serpent Riders,Bethesda
HeXen II,Bethesda
Hexen: Beyond Heretic,Bethesda
Hexen: Deathkings of the Dark Citadel,Bethesda
Hibiki Digital Deluxe - Beta Comp (retail),Bethesda
Hi-Fi RUSH,Bethesda
Hi-Fi RUSH Deluxe Edition,Bethesda
Hi-Fi RUSH Deluxe Edition PC (Region 3 (Low)) (retail),Bethesda
Hi-Fi RUSH Deluxe Edition PC (WW) (retail),Bethesda
Hi-Fi RUSH Deluxe Edition Upgrade Pack,Bethesda
Hi-Fi RUSH Original Game Soundtrack,Bethesda
Hi-Fi RUSH: Bossplay Costume Pack,Bethesda
Hi-Fi RUSH: Traditional Garb Costume Pack,Bethesda
Horizon Racing Car Pack,Xbox
Hunted: The Demon's Forge,Bethesda
Indie Pack - Winter Sale 2012,Xbox
Indus,Xbox
Insanely Twisted Shadow Planet,Xbox
InXile Comp (retail),Xbox
Iron Brigade,Xbox
Kalimba,Xbox
Kalimba - The Dark Void - Coop,Xbox
Kalimba - The Dark Void - Solo,Xbox
Kalimba - Ultimate Kalimbundle,Xbox
Kalimba - Ultimate Kalimbundle DLC,Xbox
Kickstarter Pillars of Eternity: The White March,Xbox
Killer Instinct,Xbox
Killer Instinct - The Complete Soundtrack,Xbox
Koch Catalog (retail),Xbox
LocoCycle,Xbox
Mark of the Ninja,Xbox
Mark of the Ninja: Special Edition,Xbox
Mark of the Ninja: Special Edition DLC,Xbox
Marvel Pinball Season 1 Bundle,Xbox
Marvel Pinball Season 2 Bundle,Xbox
Max: The Curse of Brotherhood,Xbox
Max: The Curse of Brotherhood Demo,Xbox
MCC - Reach for Beta Testing (retail),Xbox
MGS A C1 for Beta Testing (retail),Xbox
MGS A for Beta Testing (retail),Xbox
MGS B C1 for Beta Testing (retail),Xbox
MGS B for Beta Testing (retail),Xbox
MGS Test App 4 - Internal,Xbox
Microsoft Evaluation App,Xbox
Microsoft Flight - Curtiss P-40,Xbox
Microsoft Flight Simulator,Xbox
Microsoft Flight Simulator Deluxe Bundle,Xbox
Microsoft Flight Simulator Deluxe Game of the Year Edition,Xbox
Microsoft Flight Simulator Premium Deluxe Bundle,Xbox
Microsoft Flight Simulator Premium Deluxe Game of the Year Edition,Xbox
Microsoft Flight Simulator X: Premium Edition,Xbox
Microsoft Flight Simulator X: Steam Edition,Xbox
Microsoft Flight Simulator X: Steam Edition + All DLC for Beta Testing (retail),Xbox
Microsoft Flight Simulator X: Steam Edition + Treasure Hunt Twin Pack,Xbox
Microsoft Flight Simulator: 40th Anniversary Deluxe Edition,Xbox
Microsoft Flight Simulator: 40th Anniversary Premium Deluxe Edition,Xbox
Microsoft Flight: Alaskan Wilderness,Xbox
Microsoft Flight: C-46 DLC,Xbox
Microsoft Flight: Carbon Cub Deluxe,Xbox
Microsoft Flight: F4U,Xbox
Microsoft Flight: F4U Retail (retail),Xbox
Microsoft Flight: Hawaiian Adventure,Xbox
Microsoft Flight: Hawaiian Starter Bundle,Xbox
Microsoft Flight: Maule M-7-260C,Xbox
Microsoft Flight: Mitsubishi A6M2 Zero,Xbox
Microsoft Flight: North American P-51 Mustang,Xbox
Microsoft FSX Steam Edition + FS Academy: On Instruments Twin Pack (retail),Xbox
Microsoft FSX: Steam Edition + Fair Dinkum Flights Add-On Twin Pack (retail),Xbox
Microsoft RTS Collection: Age of Empires/Age of Mythology/Rise of Nations,Xbox
Minecraft Dungeons,Xbox
Minecraft Dungeons Creeping Winter,Xbox
Minecraft Dungeons Echoing Void,Xbox
Minecraft Dungeons Flames of the Nether,Xbox
Minecraft Dungeons Hero DLC,Xbox
Minecraft Dungeons Hidden Depths,Xbox
Minecraft Dungeons Howling Peaks,Xbox
Minecraft Dungeons Jungle Awakens,Xbox
Minecraft Dungeons Ultimate DLC Bundle,Xbox
Minecraft Dungeons Ultimate Edition,Xbox
Minecraft Dungeons Ultimate Edition Digital Artwork,Xbox
Minecraft Dungeons Ultimate Edition Soundtrack,Xbox
Minecraft Dungeons: Cloudy Climb Adventure Pass,Xbox
Minecraft Dungeons: Fauna Faire Adventure Pass,Xbox
Minecraft Dungeons: Luminous Night Adventure Pass,Xbox
Minecraft Legends,Xbox
Minecraft Legends Deluxe DLC,Xbox
Minecraft Legends Deluxe Edition,Xbox
Morningstar,Xbox
Ms. Splosion Man,Xbox
Mullet Slayer Master Collection Cosmetic Pack,Bethesda
New Super Luckys Tale,Xbox
Nightberry Demo,Xbox
Oblivion Game of the Year Deluxe,Bethesda
Oblivion Game of the Year Deluxe (retail),Bethesda
Oblivion Soundtrack,Bethesda
Ori and the Blind Forest,Xbox
Ori and the Blind Forest (Additional Soundtrack),Xbox
Ori and the Blind Forest (Original Soundtrack),Xbox
Ori and the Blind Forest Demo,Xbox
Ori and the Blind Forest: Definitive Edition,Xbox
Ori and the Blind Forest: Definitive Edition Russia Keys (retail),Xbox
Ori and the Will of the Wisps,Xbox
Ori and the Will of the Wisps Soundtrack,Xbox
PDXCon 2022 Gift (retail),Xbox
Pentiment,Xbox
Pentiment Soundtrack,Xbox
Phoenix - Full Game,Xbox
Phoenix for Beta Testing (retail),Xbox
Phoenix_PDLC04,Xbox
Pillars of Eternity - Champion Edition,Xbox
Pillars of Eternity - Champion Edition (pre purchase),Xbox
Pillars of Eternity - Champion Edition Upgrade,Xbox
Pillars of Eternity - Definitive Edition,Xbox
Pillars of Eternity - Definitive Edition RU+CIS (retail),Xbox
Pillars of Eternity - Game of the Year Edition (retail),Xbox
Pillars of Eternity - Hero Edition,Xbox
Pillars of Eternity - Hero Edition (pre purchase),Xbox
Pillars of Eternity - Hero Edition Post-Release RU+CIS,Xbox
Pillars of Eternity - Kickstarter Hero Edition (retail),Xbox
Pillars of Eternity - Physical for Koch (retail),Xbox
Pillars of Eternity - Royal Edition,Xbox
Pillars of Eternity - Royal Edition Post-Release RU+CIS,Xbox
Pillars of Eternity - Royal Edition Upgrade,Xbox
Pillars of Eternity - The White March - Part I,Xbox
Pillars of Eternity - The White March - Part II Beta (retail),Xbox
Pillars of Eternity - The White March Expansion Pass,Xbox
Pillars of Eternity - The White March Expansion Pass - RU (retail),Xbox
Pillars of Eternity - The White March Part I,Xbox
Pillars of Eternity - The White March Part I - RU (retail),Xbox
Pillars of Eternity - The White March Part II,Xbox
Pillars of Eternity - The White March Part II RU+CIS (retail),Xbox
Pillars of Eternity - White Edition,Xbox
Pinball FX2 - Aliens vs. Pinball,Xbox
Pinball FX2 - All Super League Tables (retail),Xbox
Pinball FX2 - Balls of Glory Pinball,Xbox
Pinball FX2 - Bethesda&amp;reg; Pinball,Xbox
Pinball FX2 - Bethesda® Pinball,Xbox
Pinball FX2 - C bundle for Beta Testing (retail),Xbox
Pinball FX2 - Captain America Table,Xbox
Pinball FX2 - Civil War Table,Xbox
Pinball FX2 - Core pack,Xbox
Pinball FX2 - Deadpool Table,Xbox
Pinball FX2 - Doctor Strange Table,Xbox
Pinball FX2 - Earth Defense Table,Xbox
Pinball FX2 - Excalibur Table,Xbox
Pinball FX2 - Fantastic Four Table,Xbox
Pinball FX2 - Guardians of the Galaxy Table,Xbox
Pinball FX2 - Iron &amp; Steel Pack,Xbox
pinball FX2 - Iron &amp;amp; Steel Pack,Xbox
Pinball FX2 - Mars Table,Xbox
Pinball FX2 - Marvel Pinball Avengers Chronicles pack,Xbox
Pinball FX2 - Marvel Pinball Original Pack,Xbox
Pinball FX2 - Marvel Pinball Vengeance and Virtue Pack,Xbox
Pinball FX2 - Marvel's Ant-Man,Xbox
Pinball FX2 - Marvel's Avengers: Age of Ultron,Xbox
Pinball FX2 - Marvel's Women of Power,Xbox
Pinball FX2 - Ms. Splosion Man Table,Xbox
Pinball FX2 - Paranormal Table,Xbox
Pinball FX2 - Plants VS. Zombies Table,Xbox
Pinball FX2 - Portal &amp;reg;,Xbox
Pinball FX2 - Portal ® Pinball,Xbox
Pinball FX2 - South Park Pinball,Xbox
Pinball FX2 - Star Wars Pack,Xbox
Pinball FX2 - Star Wars Pinball: Balance of the Force Pack,Xbox
Pinball FX2 - Star Wars&amp;trade; Pinball: Heroes Within,Xbox
Pinball FX2 - Star Wars&amp;trade; Pinball: The Force Awakens&amp;trade; Pack,Xbox
Pinball FX2 - Star Wars™ Pinball: Heroes Within Pack,Xbox
Pinball FX2 - Star Wars™ Pinball: Rogue One™,Xbox
Pinball FX2 - Star Wars™ Pinball: Star Wars Rebels™,Xbox
Pinball FX2 - Star Wars™ Pinball: The Force Awakens™ Pack,Xbox
Pinball FX2 - Super League - A.C. Milan Table,Xbox
Pinball FX2 - Super League - A.S. Roma Table,Xbox
Pinball FX2 - Super League - Arsenal F.C.  Table,Xbox
Pinball FX2 - Super League - FC Barcelona Table,Xbox
Pinball FX2 - Super League - Juventus Table,Xbox
Pinball FX2 - Super League - Liverpool F.C. Table,Xbox
Pinball FX2 - Super League - Real Madrid C.F. Table,Xbox
Pinball FX2 - Super League - Zen Studios F.C. Table,Xbox
Pinball FX2 - The Walking Dead Table,Xbox
Pinball FX2 - Venom Table,Xbox
Pinball FX2 - Zen Classics Pack,Xbox
Pinball FX2 : Star Wars Pinball: Balance of the Force Pack,Xbox
Pinball FX2 Core pack,Xbox
Pinball FX2 Early Access Complete Pack (retail),Xbox
Pinball FX2 Humble Basic Key (retail),Xbox
Pinball FX2 Humble Bonus Key (retail),Xbox
Pinball FX2: Epic Quest Table,Xbox
Pinball FX2: Epic Quest Table Early Access Comp (retail),Xbox
Pinball FX2: Epic Quest Table Retail (retail),Xbox
PinballFX2: Originals Season 1 Bundle,Xbox
PinballFX2: Originals Season 2 Bundle,Xbox
PinballFX2: Star Wars Pinball Season 1 Bundle,Xbox
Platformer for Beta Testing (retail),Xbox
Preview,Xbox
Prey,Bethesda
Prey - Mooncrash,Bethesda
Prey (Original Game Soundtrack),Bethesda
Prey Digital Deluxe,Bethesda
Prey Digital Deluxe (RU/CIS) (retail),Bethesda
Prey Pre-Purchase Retail (retail),Bethesda
Project Avo Developer Comp (retail),Xbox
Project Avo for Beta Testing (retail),Xbox
Project Mercury DE Season Pass for Beta Testing (retail),Bethesda
Psychonauts 2,Xbox
Quake,Bethesda
Quake 3 Arena Complimentary (comp),Bethesda
Quake 4,Bethesda
Quake Champions,Bethesda
Quake Champions - 1100 Platinum,Bethesda
Quake Champions - 2400 Platinum,Bethesda
Quake Champions - 500 Platinum,Bethesda
Quake Champions - 5000 Platinum,Bethesda
Quake Champions - Champions Pack Thirdparty Retail (retail),Bethesda
Quake Champions - Giveaway Group B,Bethesda
Quake Champions - Humble Monthly Pack,Bethesda
Quake Champions - Steam Early Access + Platinum Boost Pack C (retail),Bethesda
Quake II,Bethesda
Quake II: Ground Zero,Bethesda
Quake II: The Reckoning,Bethesda
Quake III Arena,Bethesda
Quake III Arena and Team Arena Pack (retail),Bethesda
Quake III Arena Retail (retail),Bethesda
Quake III: Team Arena,Bethesda
Quake Live,Bethesda
Quake Mission Pack 1: Scourge of Armagon,Bethesda
Quake Mission Pack 2: Dissolution of Eternity,Bethesda
Quake pack (2013) (retail),Bethesda
Quantum Break,Xbox
Quantum Break - Original Game Soundtrack,Xbox
RAGE,Bethesda
Rage (Asia) (retail),Bethesda
Rage (AU) (retail),Bethesda
Rage (EU) (retail),Bethesda
Rage (JP) (retail),Bethesda
Rage (NA) (retail),Bethesda
Rage (PL) (retail),Bethesda
Rage (RU) (retail),Bethesda
Rage (UK/ROW) (retail),Bethesda
RAGE 2,Bethesda
RAGE 2 - Deluxe Edition,Bethesda
RAGE 2 - Deluxe Edition - Thirdparty Retail (ASI (ASIA)) (retail),Bethesda
RAGE 2 - Deluxe Edition Pack,Bethesda
RAGE 2 - Pre Order Bonus,Bethesda
RAGE 2 - RAGE Coins,Bethesda
RAGE RU/CIS,Bethesda
Rage Soundtrack,Bethesda
RAGE The Scorchers DLC,Bethesda
Rage With Anarchy and Sewers (retail),Bethesda
Rage with Sewers (retail),Bethesda
ReCore: Definitive Edition,Xbox
Redfall,Bethesda
Redfall - Bite Back Edition,Bethesda
Redfall - Bite Back Edition - Pre-order,Bethesda
Redfall - Bite Back Edition - Review Code (retail),Bethesda
Redfall - Preorder,Bethesda
Redfall - Pre-order,Bethesda
Redfall Bite Back Upgrade,Bethesda
Redfall Original Game Soundtrack,Bethesda
Return to Castle Wolfenstein,Bethesda
Rise of Nations: Extended Edition,Xbox
Rogue Warrior,Bethesda
RUSH: A Disney • PIXAR Adventure,Xbox
Sea of Thieves,Xbox
Sea of Thieves - 4250 Ancient Coin Pack #1,Xbox
Sea of Thieves - 4250 Ancient Coin Pack #2,Xbox
Sea of Thieves - Biscuit Pack,Xbox
Sea of Thieves - Brooding Buccaneer Bundle,Xbox
Sea of Thieves - Disney Pack 2021,Xbox
Sea of Thieves - Gold Curse Macaw,Xbox
Sea of Thieves - Lunar New Year Collector's Sails,Xbox
Sea of Thieves - Madrinas Coffee Emote,Xbox
Sea of Thieves - Obsidian 6 Pack,Xbox
Sea of Thieves - Plunder Pass 1,Xbox
Sea of Thieves - Plunder Pass 3,Xbox
Sea of Thieves - Plunder Pass 4,Xbox
Sea of Thieves - Sails of the Bonny Belle,Xbox
Sea of Thieves - Skeletal Sailor Starter Pack,Xbox
Sea of Thieves - Spooky Bonus Pack,Xbox
Sea of Thieves Deluxe Bundle Upgrade,Xbox
Sea of Thieves Deluxe Edition,Xbox
Sea of Thieves Insider,Xbox
Sea of Thieves Soundtrack,Xbox
Sea of Thieves: Animal Arsenal Edition,Xbox
Secrets and Treasure: The Lost Cities,Xbox
Senua’s Saga: Hellblade II,Xbox
Skyrim,Bethesda
Skyrim - DLC Bundle,Bethesda
Sneak Peek,Xbox
South of Midnight,Xbox
Spicewood,Xbox
STARFIELD,Bethesda
Starfield,Bethesda
Starfield - Preorder,Bethesda
STARFIELD (Pre-purchase),Bethesda
Starfield (Pre-purchase),Bethesda
STARFIELD CONSTELLATION EDITION (retail),Bethesda
STARFIELD DIGITAL PREMIUM EDITION,Bethesda
STARFIELD DIGITAL PREMIUM EDITION (PR) (retail),Bethesda
STARFIELD DIGITAL PREMIUM EDITION (Pre-purchase),Bethesda
STARFIELD DIGITAL PREMIUM EDITION (Region 2 (Middle)) (retail),Bethesda
STARFIELD DIGITAL PREMIUM EDITION (Region 3 (Low)) (retail),Bethesda
STARFIELD DIGITAL PREMIUM EDITION UPGRADE,Bethesda
STARFIELD OFFICIAL SOUNDTRACK,Bethesda
STARFIELD PREMIUM EDITION UPGRADE (Region 2 (Middle)) (retail),Bethesda
State of Decay,Xbox
State of Decay - Breakdown,Xbox
State of Decay - Lifeline,Xbox
State of Decay 2,Xbox
State of Decay 2 Soundtrack,Xbox
State of Decay Early Access (retail),Xbox
State of Decay Early Access Comp (retail),Xbox
State of Decay: Original Game Soundtrack,Xbox
State of Decay: Year One Survival Edition,Xbox
State of Decay: Year One Survival Edition (RU/CIS) (retail),Xbox
State of Decay: Year One Survival Edition Beta Testing (retail),Xbox
State of Decay: Year-One Survival Edition Soundtrack,Xbox
State of Decay: YOSE,Xbox
State of Decay: YOSE Day One Edition,Xbox
State of Decay: YOSE Day One Edition Test Keys (retail),Xbox
State of Decay: YOSE Prepper's Pack,Xbox
Steelhead Test,Xbox
Steelhead_Test_CarPass,Xbox
Steelhead_Test_Day1CarPack,Xbox
Steelhead_test_DLC,Xbox
Steelhead_Test_VIP,Xbox
Steelhead_Test_WelcomePack,Xbox
Summer Sale Indie Bundle Day Three,Xbox
Summer Sale Indie Bundle Day Three (Midweek Madness),Xbox
Sunrise Developer Comp (retail),Xbox
Sunrise for Beta Testing (retail),Xbox
Sunrise Test,Xbox
Sunrise Test - Car Pass,Xbox
Sunrise Test - Mitsubishi Car Pack,Xbox
Sunrise Test - Red,Xbox
Sunrise Test - Savage,Xbox
Sunrise Test - Test DLC,Xbox
Sunrise Test - Ultimate Add-Ons Bundle,Xbox
Sunset Overdrive,Xbox
Super Lucky's Tale,Xbox
Super Lucky's Tale: Gilly Island,Xbox
Super Lucky's Tale: Guardian Trials,Xbox
Tell Me Why,Xbox
Tell Me Why - Chapter 2,Xbox
Tell Me Why - Chapter 3,Xbox
Tell Me Why Original Soundtrack,Xbox
The Bard's Tale,Xbox
The Bard's Tale IV - Platinum Edition,Xbox
The Bard's Tale IV - Premium Edition,Xbox
The Bard's Tale IV - Standard Edition,Xbox
The Bard's Tale IV - Standard Edition (RU/CIS) (retail),Xbox
The Bard's Tale IV - Ultimate Edition,Xbox
The Bard's Tale IV + Director's Cut Deluxe (KS) (retail),Xbox
The Bard's Tale IV for Beta Testing (retail),Xbox
The Bard's Tale IV: Director's Cut,Xbox
The Bard's Tale IV: Director's Cut - Deluxe Edition,Xbox
The Bard's Tale IV: Director's Cut - Deluxe Edition for Beta Testing (retail),Xbox
The Bard's Tale IV: Director's Cut - Standard Edition,Xbox
The Bard's Tale IV: Director's Cut - Upgrade From Standard to Deluxe Edition,Xbox
The Bard's Tale Trilogy,Xbox
The Elder Scrolls Adventures: Redguard,Bethesda
The Elder Scrolls III: Morrowind,Bethesda
The Elder Scrolls III: Morrowind Soundtrack,Bethesda
The Elder Scrolls IV: Oblivion,Bethesda
The Elder Scrolls IV: Oblivion Game of the Year Deluxe (retail),Bethesda
The Elder Scrolls Online,Bethesda
The Elder Scrolls Online - Blackwood,Bethesda
The Elder Scrolls Online - Blackwood (PC Digital Arg CIS Chi Rus Ukr) (retail),Bethesda
The Elder Scrolls Online - Blackwood Collector's Edition,Bethesda
The Elder Scrolls Online - Blackwood Collector's Edition (Pre-purchase LTO) (PC Digital Arg CIS Chi Rus Ukr) (retail),Bethesda
The Elder Scrolls Online - Blackwood Collector's Edition Upgrade,Bethesda
The Elder Scrolls Online - Crown Packs,Bethesda
The Elder Scrolls Online - Greymoor Digital Collector's Edition Upgrade (RU/CIS) (retail),Bethesda
The Elder Scrolls Online - High Isle CE Full (Region 2 (Middle)) (retail),Bethesda
The Elder Scrolls Online - High Isle CE Full (Region 3 (Low)) (retail),Bethesda
The Elder Scrolls Online - High Isle CE Upgrade (Region 3 (Low)) (retail),Bethesda
The Elder Scrolls Online - High Isle SE Full (Region 2 (Middle)) (retail),Bethesda
The Elder Scrolls Online - High Isle SE Full (Region 3 (Low)) (retail),Bethesda
The Elder Scrolls Online - Newcomer Pack,Bethesda
The Elder Scrolls Online - Soundtrack,Bethesda
The Elder Scrolls Online Collection: Blackwood Collector's Edition (Pre-purchase LTO),Bethesda
The Elder Scrolls Online Collection: High Isle,Bethesda
The Elder Scrolls Online Collection: High Isle Collector's Edition,Bethesda
The Elder Scrolls Online Collection: Necrom,Bethesda
The Elder Scrolls Online Collection: Necrom (LTO) (Pre-Purchase),Bethesda
The Elder Scrolls Online Collection: Necrom (Pre-Purchase),Bethesda
The Elder Scrolls Online Collection: Necrom (Region 2 (Middle)) (retail),Bethesda
The Elder Scrolls Online Collection: Necrom (Region 3 (Low)) (retail),Bethesda
The Elder Scrolls Online Collection: Necrom (WW) (retail),Bethesda
The Elder Scrolls Online Deluxe Collection: Necrom,Bethesda
The Elder Scrolls Online Deluxe Collection: Necrom (LTO) (Pre-Purchase),Bethesda
The Elder Scrolls Online Deluxe Collection: Necrom (LTO) (Pre-Purchase) (WW) (retail),Bethesda
The Elder Scrolls Online Deluxe Collection: Necrom (Pre-Purchase),Bethesda
The Elder Scrolls Online Deluxe Collection: Necrom (Pre-Purchase) (WW) (retail),Bethesda
The Elder Scrolls Online Deluxe Collection: Necrom (Region 2 (Middle)) (retail),Bethesda
The Elder Scrolls Online Deluxe Collection: Necrom (Region 3 (Low)) (retail),Bethesda
The Elder Scrolls Online Deluxe Collection: Necrom (WW) (retail),Bethesda
The Elder Scrolls Online Deluxe Upgrade: Necrom,Bethesda
The Elder Scrolls Online Deluxe Upgrade: Necrom (LTO) (Pre-Purchase),Bethesda
The Elder Scrolls Online Deluxe Upgrade: Necrom (Pre-Purchase),Bethesda
The Elder Scrolls Online Deluxe Upgrade: Necrom (Region 2 (Middle)) (retail),Bethesda
The Elder Scrolls Online Deluxe Upgrade: Necrom (Region 3 (Low)) (retail),Bethesda
The Elder Scrolls Online Deluxe Upgrade: Necrom (WW) (retail),Bethesda
The Elder Scrolls Online Standard Edition,Bethesda
The Elder Scrolls Online Standard Edition (RU) (retail),Bethesda
The Elder Scrolls Online Upgrade: Necrom,Bethesda
The Elder Scrolls Online Upgrade: Necrom (LTO) (Pre-Purchase),Bethesda
The Elder Scrolls Online Upgrade: Necrom (Pre-Purchase),Bethesda
The Elder Scrolls Online Upgrade: Necrom (Region 2 (Middle)) (retail),Bethesda
The Elder Scrolls Online Upgrade: Necrom (Region 3 (Low)) (retail),Bethesda
The Elder Scrolls Online Upgrade: Necrom (WW) (retail),Bethesda
The Elder Scrolls Online: Blackwood,Bethesda
The Elder Scrolls Online: High Isle,Bethesda
The Elder Scrolls Online: High Isle Collector's Edition Upgrade,Bethesda
The Elder Scrolls Online: Plus Membership,Bethesda
The Elder Scrolls Online: Tamriel Unlimited Imperial Edition,Bethesda
The Elder Scrolls Online: The Hailcinder Mount Pack,Bethesda
The Elder Scrolls V: Skyrim - Dawnguard,Bethesda
The Elder Scrolls V: Skyrim - Dragonborn,Bethesda
The Elder Scrolls V: Skyrim - Hearthfire,Bethesda
The Elder Scrolls V: Skyrim Anniversary Edition,Bethesda
The Elder Scrolls V: Skyrim Anniversary Upgrade,Bethesda
The Elder Scrolls V: Skyrim Soundtrack,Bethesda
The Elder Scrolls V: Skyrim Special Edition,Bethesda
The Elder Scrolls V: Skyrim Special Edition - Creation Club,Bethesda
The Elder Scrolls V: Skyrim VR,Bethesda
The Elder Scrolls: Legends,Bethesda
The Elder Scrolls® Online: Tamriel Unlimited Humble Monthly (retail),Bethesda
The Evil Within,Bethesda
The Evil Within - Soundtrack,Bethesda
The Evil Within 2,Bethesda
The Evil Within 2 (RU/CIS) (retail),Bethesda
The Evil Within Bundle,Bethesda
The Evil Within Season Pass,Bethesda
The Evil Within Thirdparty Retail (retail),Bethesda
The Evil Within: The Assignment,Bethesda
The Evil Within: The Consequence,Bethesda
The Evil Within: The Executioner,Bethesda
The Fighting Chance Pack,Bethesda
The Harvest,Xbox
The Mage's Tale,Xbox
The Maw,Xbox
The Maw: Brute Force,Xbox
The Maw: River Redirect,Xbox
The Maw: Speeder Lane,Xbox
The Mawesome Pack,Xbox
The Skyrim Anniversary Edition (Region 2 (Middle)) (retail),Bethesda
The Skyrim Anniversary Edition (Region 3 (Low)) (retail),Bethesda
Torment: Tides of Numenera,Xbox
Torment: Tides of Numenera - Alpha Systems Test,Xbox
Torment: Tides of Numenera - Backer's Outfit Set,Xbox
Torment: Tides of Numenera - Immortal Edition,Xbox
Torment: Tides of Numenera - Immortal Edition Upgrade,Xbox
Torment: Tides of Numenera - Legacy Edition,Xbox
Torment: Tides of Numenera - Legacy Edition (KR) (retail),Xbox
Torment: Tides of Numenera - Legacy Edition Upgrade,Xbox
Torment: Tides of Numenera - Legacy Edition Upgrade (KR) (retail),Xbox
Torment: Tides of Numenera - Mindforged Synthsteel Plating Outfit,Xbox
Torment: Tides of Numenera (KR) (retail),Xbox
Toy Soldiers,Xbox
Vonnegut,Xbox
VTA221380 Dev Comp (retail),Xbox
Wasteland 1 - The Original Classic,Xbox
Wasteland 2,Xbox
Wasteland 2 - Digital Deluxe Edition,Xbox
Wasteland 2 - Digital Deluxe Edition (KR) (retail),Xbox
Wasteland 2 - Kickstarter Retail (retail),Xbox
Wasteland 2 - Ranger Edition,Xbox
Wasteland 2 Early Access Comp (retail),Xbox
Wasteland 2 Retail (RU) (retail),Xbox
Wasteland 2: Director's Cut,Xbox
Wasteland 2: Director's Cut - Classic,Xbox
Wasteland 2: Director's Cut - Digital Deluxe Edition,Xbox
Wasteland 3,Xbox
Wasteland 3 - Colorado Survival Gear,Xbox
Wasteland 3 - Digital Deluxe,Xbox
Wasteland 3 - Preorder Beta Comp (retail),Xbox
Wasteland 3 - Upgrade to Digital Deluxe,Xbox
Wasteland 3 + Steeltown (retail),Xbox
Wasteland 3 + Steeltown Beta Comp (retail),Xbox
Wasteland 3 Colorado Collection,Xbox
Wasteland 3 Colorado Collection for Beta Testing (retail),Xbox
Wasteland 3 Digital Deluxe,Xbox
Wasteland 3 Digital Deluxe Extras,Xbox
Wasteland 3 Expansion Pass,Xbox
Wasteland 3: Cult of the Holy Detonation,Xbox
Wasteland 3: The Battle of Steeltown,Xbox
Wasteland 30th Anniversary Bundle,Xbox
Wasteland Remastered,Xbox
We Happy Few,Xbox
We Happy Few - Lightbearer,Xbox
We Happy Few - Season Pass,Xbox
We Happy Few - Soundtrack and Digital Goods Bundle,Xbox
We Happy Few - They Came From Below,Xbox
We Happy Few - We All Fall Down,Xbox
We Happy Few Digital Deluxe Edition (retail),Xbox
Wildcat for Beta Testing (retail),Xbox
Wolf Pack,Bethesda
Wolf Pack (retail),Bethesda
Wolfenstein 3D,Bethesda
Wolfenstein 3D: Spear of Destiny,Bethesda
Wolfenstein II: The Freedom Chronicles - Episode 0,Bethesda
Wolfenstein II: The Freedom Chronicles - Episode 1,Bethesda
Wolfenstein II: The Freedom Chronicles - Episode 2,Bethesda
Wolfenstein II: The Freedom Chronicles - Episode 3,Bethesda
Wolfenstein II: The Freedom Chronicles - Season Pass,Bethesda
Wolfenstein II: The Freedom Chronicles - Season Pass (BNET) (retail),Bethesda
Wolfenstein II: The Freedom Chronicles - Season Pass CERO,Bethesda
Wolfenstein II: The Freedom Chronicles German Edition - Episode 0,Bethesda
Wolfenstein II: The Freedom Chronicles German Edition - Episode 1,Bethesda
Wolfenstein II: The Freedom Chronicles German Edition - Episode 2,Bethesda
Wolfenstein II: The Freedom Chronicles German Edition - Episode 3,Bethesda
Wolfenstein II: The Freedom Chronicles German Edition - Season Pass,Bethesda
Wolfenstein II: The Freedom Chronicles German Edition - Season Pass CH,Bethesda
Wolfenstein II: The New Colossus,Bethesda
Wolfenstein II: The New Colossus (CERO),Bethesda
Wolfenstein II: The New Colossus (CERO) Beta Package,Bethesda
Wolfenstein II: The New Colossus (RU/CIS) (retail),Bethesda
Wolfenstein II: The New Colossus Digital Deluxe Edition,Bethesda
Wolfenstein II: The New Colossus Digital Deluxe Edition (CERO),Bethesda
Wolfenstein II: The New Colossus Digital Deluxe Edition (RU/CIS) (retail),Bethesda
Wolfenstein II: The New Colossus Digital Deluxe Edition CH,Bethesda
Wolfenstein: Bundle Retail (retail),Bethesda
Wolfenstein: Cyberpilot,Bethesda
Wolfenstein: Cyberpilot CH,Bethesda
Wolfenstein: Cyberpilot Deutsche Version,Bethesda
Wolfenstein: The New Order,Bethesda
Wolfenstein: The New Order - Soundtrack,Bethesda
Wolfenstein: The New Order CH,Bethesda
Wolfenstein: The New Order German Edition,Bethesda
Wolfenstein: The New Order JP,Bethesda
Wolfenstein: The New Order LV,Bethesda
Wolfenstein: The Old Blood,Bethesda
Wolfenstein: The Old Blood CH,Bethesda
Wolfenstein: The Old Blood German Edition,Bethesda
Wolfenstein: The Two Pack,Bethesda
Wolfenstein: The Two Pack CH,Bethesda
Wolfenstein: The Two Pack DE,Bethesda
Wolfenstein: Youngblood,Bethesda
Wolfenstein: Youngblood - Deluxe Edition Contents,Bethesda
Wolfenstein: Youngblood - Gold Bars,Bethesda
Wolfenstein: Youngblood - Legacy Pack,Bethesda
Wolfenstein: Youngblood (CH),Bethesda
Wolfenstein: Youngblood Deluxe,Bethesda
Wolfenstein: Youngblood Deluxe - Thirdparty Retail (ZEL (Europe)) (retail),Bethesda
Wolfenstein: Youngblood Deluxe (CH),Bethesda
Wolfenstein: Youngblood Deluxe (DE) Thirdparty Retail (retail),Bethesda
Wolfenstein: Youngblood Deluxe (Region 2 (Middle)) (retail),Bethesda
Wolfenstein: Youngblood Deluxe (Region 3 (Low)) (retail),Bethesda
Wolfenstein: Youngblood Deluxe (WW) (retail),Bethesda
Wolfenstein: Youngblood Deluxe Early Access (retail),Bethesda
Wolfenstein: Youngblood Deluxe Preorder Thirdparty Retail (retail),Bethesda
Wolfenstein: Youngblood Deutsche Version,Bethesda
Wolfenstein: Youngblood Deutsche Version - Deluxe Edition Contents,Bethesda
Wolfenstein: Youngblood Deutsche Version - Gold Bars,Bethesda
Wolfenstein: Youngblood German Deluxe Edition,Bethesda
Woodstock Test,Xbox
Woodstock Test - Expansion 1,Xbox
Woodstock Test - Expansion 2,Xbox
XGS Midnight,Xbox
Zoo Tycoon,Xbox
Fallout 4 GOTY RU (retail),Bethesda
MGS-T,Bethesda
Pender,Bethesda
Quake Champions - Champions Pack Retail (retail),Bethesda
Forza Motorsport 2020 BMW M2 Competition Coupe,Xbox
Forza Motorsport 2019 Dodge #9 American V8 Road Racing TA Challenger,Xbox
Forza Motorsport 2018 Volkswagen #22 Experion Racing Golf GTI,Xbox
Forza Motorsport VIP,Xbox
Age of Empires IV:  The Sultans Ascend,Xbox
Cosmonaut Shotgun Pack Retail (retail),Bethesda
Dishonored Shadow Rat Pack,Bethesda
Wolfenstein: Youngblood Deluxe (RU/CIS) (retail),Bethesda
Wolfenstein II: The Freedom Chronicles - Season Pass (RU/CIS) (retail),Bethesda
Elder Scrolls V: Skyrim (Asia) (retail),Bethesda
Forza Horizon 5 Super Speed Car Pack,Xbox
The Elder Scrolls Online - High Isle SE Full LTO (Pre-purchase) (Region 3 (Low)) (retail),Bethesda
Boston for Beta Testing (retail),Xbox
Forza Motorsport Welcome Pack,Xbox
Forza Motorsport Car Pass,Xbox
Forza Motorsport Race Day Car Pack,Xbox
Contrast: Collector's Edition,Xbox
Contrast,Xbox
Forza Motorsport PepsiCo Suit,Xbox
Tequila Works Dev Comp (retail),Xbox
Age of Empires II: Definitive Edition - The Mountain Royals,Xbox
Age of Empires II: Definitive Edition - The Mountain Royals,Xbox
Forza Motorsport 1999 Nissan #23 NISMO Clarion R391,Xbox
Forza Horizon 5 American Gearheads Car Pack,Xbox
Fallout Shelter - StarterPack,Bethesda
